,precision,recall,f1,kappa
validation,0.9911504424778761,0.9655172413793104,0.9781659388646288,0.8762243989314337
test,0.990990990990991,0.9482758620689655,0.9691629955947136,0.8374253483742535
gold1,0.9527027027027027,0.9657534246575342,0.9591836734693877,0.7774113767518549
gold2,0.9662921348314607,0.945054945054945,0.9555555555555556,0.7204441541476159
